Hotel,Room,Price,URL
Hotel 1,Standard King Room • 1 king bed,€ 143,https://hotel1.tiiny.site/
Hotel 1,Standard King Room • 1 queen bed,€ 234,https://hotel1.tiiny.site/
Hotel 1,One-Bedroom Apartment • 1 bedroom • 1 living room • 1 queen bed,€ 190,https://hotel1.tiiny.site/
Hotel 1,Standard Double Room • 1 full bed,€ 309,https://hotel1.tiiny.site/
Hotel 1,Double Room (Maximum Occupancy: 2 People) • 1 full bed,€ 169,https://hotel1.tiiny.site/
Hotel 1,Superior Twin Room • 2 twin beds,€ 199,https://hotel1.tiiny.site/
Hotel 1,Classic Double Room • 1 full bed,€ 339,https://hotel1.tiiny.site/
Hotel 1,The Large • 1 king bed,€ 234,https://hotel1.tiiny.site/
Hotel 1,Standard Twin Room • 2 twin beds,€ 189,https://hotel1.tiiny.site/
Hotel 1,Double Room • 1 full bed,€ 214,https://hotel1.tiiny.site/
Hotel 1,Locke Studio - Twin • Entire studio • 2 twin beds,€ 209,https://hotel1.tiiny.site/
Hotel 1,Standard Twin Room • 2 twin beds,€ 151,https://hotel1.tiiny.site/
Hotel 1,Small Double Room • 1 full bed,€ 167,https://hotel1.tiiny.site/
Hotel 1,King Room • 1 king bed,€ 261,https://hotel1.tiiny.site/
Hotel 1,Aloft King Room • 1 king bed,€ 178,https://hotel1.tiiny.site/
Hotel 1,Standard Studio • Entire studio • 2 twin beds,€ 169,https://hotel1.tiiny.site/
Hotel 1,City Queen • 1 queen bed,€ 240,https://hotel1.tiiny.site/
Hotel 1,King Room • 1 king bed,€ 203,https://hotel1.tiiny.site/
Hotel 1,Twin Room • 2 twin beds,€ 143,https://hotel1.tiiny.site/
Hotel 1,Twin Room • 2 twin beds,€ 149,https://hotel1.tiiny.site/
Hotel 1,"Classic Triple Room • 2 beds (1 twin, 1 full)",€ 229,https://hotel1.tiiny.site/
Hotel 1,Queen Room • 1 queen bed,€ 195,https://hotel1.tiiny.site/
Hotel 1,Double Room • 1 full bed,€ 160,https://hotel1.tiiny.site/
Hotel 1,King Guest Room • 1 king bed,€ 252,https://hotel1.tiiny.site/
Hotel 1,Queen Room • 1 queen bed,€ 203,https://hotel1.tiiny.site/
Hotel 1,Classic Double or Twin Room • 1 double or 2 twins,€ 161,https://hotel1.tiiny.site/
Hotel 1,Twin Room • 2 twin beds,€ 149,https://hotel1.tiiny.site/
Hotel 1,Double Classic Queen Bed • 1 queen bed,€ 195,https://hotel1.tiiny.site/
Hotel 1,Executive King Room • 1 king bed,€ 243,https://hotel1.tiiny.site/
Hotel 1,Double Room • 1 queen bed,€ 174,https://hotel1.tiiny.site/
Hotel 1,Double or Twin Room • Multiple bed types,€ 189,https://hotel1.tiiny.site/
Hotel 1,Small Double Room • 1 full bed,€ 263,https://hotel1.tiiny.site/
Hotel 1,Twin Room • 2 twin beds,€ 199,https://hotel1.tiiny.site/
Hotel 1,King Room • 1 king bed,€ 279,https://hotel1.tiiny.site/
Hotel 1,Standard Twin Room • 2 twin beds,€ 168,https://hotel1.tiiny.site/
Hotel 2,Standard King Room • 1 king bed,€ 150,https://booking-hotels2.tiiny.site/
Hotel 2,Standard King Room • 1 queen bed,€ 229,https://booking-hotels2.tiiny.site/
Hotel 2,One-Bedroom Apartment • 1 bedroom • 1 living room • 1 queen bed,€ 200,https://booking-hotels2.tiiny.site/
Hotel 2,Standard Double Room • 1 full bed,€ 303,https://booking-hotels2.tiiny.site/
Hotel 2,Double Room (Maximum Occupancy: 2 People) • 1 full bed,€ 177,https://booking-hotels2.tiiny.site/
Hotel 2,Superior Twin Room • 2 twin beds,€ 195,https://booking-hotels2.tiiny.site/
Hotel 2,Classic Double Room • 1 full bed,€ 356,https://booking-hotels2.tiiny.site/
Hotel 2,The Large • 1 king bed,€ 229,https://booking-hotels2.tiiny.site/
Hotel 2,Standard Twin Room • 2 twin beds,€ 185,https://booking-hotels2.tiiny.site/
Hotel 2,Double Room • 1 full bed,€ 225,https://booking-hotels2.tiiny.site/
Hotel 2,Locke Studio - Twin • Entire studio • 2 twin beds,€ 205,https://booking-hotels2.tiiny.site/
Hotel 2,Standard Twin Room • 2 twin beds,€ 159,https://booking-hotels2.tiiny.site/
Hotel 2,Small Double Room • 1 full bed,€ 164,https://booking-hotels2.tiiny.site/
Hotel 2,King Room • 1 king bed,€ 274,https://booking-hotels2.tiiny.site/
Hotel 2,Aloft King Room • 1 king bed,€ 187,https://booking-hotels2.tiiny.site/
Hotel 2,Standard Studio • Entire studio • 2 twin beds,€ 166,https://booking-hotels2.tiiny.site/
Hotel 2,City Queen • 1 queen bed,€ 235,https://booking-hotels2.tiiny.site/
Hotel 2,King Room • 1 king bed,€ 213,https://booking-hotels2.tiiny.site/
Hotel 2,Twin Room • 2 twin beds,€ 140,https://booking-hotels2.tiiny.site/
Hotel 2,Twin Room • 2 twin beds,€ 156,https://booking-hotels2.tiiny.site/
Hotel 2,"Classic Triple Room • 2 beds (1 twin, 1 full)",€ 224,https://booking-hotels2.tiiny.site/
Hotel 2,Queen Room • 1 queen bed,€ 205,https://booking-hotels2.tiiny.site/
Hotel 2,Double Room • 1 full bed,€ 168,https://booking-hotels2.tiiny.site/
Hotel 2,King Guest Room • 1 king bed,€ 247,https://booking-hotels2.tiiny.site/
Hotel 2,Queen Room • 1 queen bed,€ 199,https://booking-hotels2.tiiny.site/
Hotel 2,Classic Double or Twin Room • 1 double or 2 twins,€ 169,https://booking-hotels2.tiiny.site/
Hotel 2,Twin Room • 2 twin beds,€ 146,https://booking-hotels2.tiiny.site/
Hotel 2,Double Classic Queen Bed • 1 queen bed,€ 191,https://booking-hotels2.tiiny.site/
Hotel 2,Executive King Room • 1 king bed,€ 255,https://booking-hotels2.tiiny.site/
Hotel 2,Double Room • 1 queen bed,€ 183,https://booking-hotels2.tiiny.site/
Hotel 2,Double or Twin Room • Multiple bed types,€ 185,https://booking-hotels2.tiiny.site/
Hotel 2,Small Double Room • 1 full bed,€ 276,https://booking-hotels2.tiiny.site/
Hotel 2,Twin Room • 2 twin beds,€ 209,https://booking-hotels2.tiiny.site/
Hotel 2,King Room • 1 king bed,€ 273,https://booking-hotels2.tiiny.site/
Hotel 2,Standard Twin Room • 2 twin beds,€ 176,https://booking-hotels2.tiiny.site/
